"date","name","Age","Pos","Squad","MP","Min","G.A","xG.xAG","KP","Tkl.Int","Save.","value","JoueEurope"
2025-06-02,"Zuriko Davitashvili",23,"FW","Saint-Étienne",33,2778,17,0.43,50,36,0,1e+07,FALSE
2025-06-02,"Zinédine Ould Khaled",24,"MF","Angers",10,343,0,0.01,0,11,0,4e+05,FALSE
2025-06-02,"Zinedine Ferhat",31,"FW","Angers",24,849,2,0.4,17,19,0,1e+06,FALSE
2025-06-02,"Zakaria Aboukhlal",24,"MF","Toulouse",26,1901,9,0.56,12,28,0,1.2e+07,FALSE
2025-06-02,"Yunis Abdelhamid",36,"DF","Saint-Étienne",16,1033,0,0.03,2,31,0,4e+05,FALSE
2025-06-02,"Youssoufa Moukoko",19,"FW","Nice",11,204,3,1.32,5,3,0,1e+07,TRUE
2025-06-02,"Youssouf Ndayishimiye",25,"DF","Nice",23,1932,3,0.05,5,61,0,1.2e+07,TRUE
2025-06-02,"Younes Lachaab",19,"MF","Lille",2,9,0,0.95,0,2,0,50000,TRUE
2025-06-02,"Yoram Zague",18,"DF","Paris S-G",4,183,0,0.05,2,10,0,2500000,TRUE
2025-06-01,"Yoann Salmier",31,"DF","Le Havre",13,797,0,0.12,2,24,0,8e+05,FALSE
2025-06-02,"Yehvann Diouf",24,"GK","Reims",34,3060,0,0,0,3,76,1.2e+07,FALSE
2025-06-02,"Yassine Kechta",22,"MF","Le Havre",31,2096,2,0.16,15,86,0,5e+06,FALSE
2025-06-02,"Yassin Belkhdim",22,"MF","Angers",29,1523,2,0.08,5,74,0,1e+06,FALSE
2025-06-02,"Yann Gboho",23,"MF","Toulouse",31,2333,9,0.35,30,37,0,8e+06,FALSE
2025-06-02,"Yanis Zouaoui",30,"DF","Le Havre",17,976,2,0.28,28,28,0,8e+05,FALSE
2025-06-02,"Yanis Issoufou",17,"MF","Montpellier",4,77,0,0.07,0,6,0,2e+05,FALSE
2025-06-02,"Yahia Fofana",23,"GK","Angers",33,2970,0,0,1,1,74.2,7e+06,FALSE
2025-06-02,"Willian Pacho",22,"DF","Paris S-G",28,2132,1,0.02,3,96,0,6.5e+07,TRUE
2025-06-04,"Wilfried Zaha",31,"FW","Lyon",4,73,0,0.07,0,2,0,5e+06,TRUE
2025-06-02,"Wilfried Singo",23,"DF","Monaco",27,2096,3,0.14,7,80,0,2.5e+07,TRUE
2025-06-02,"Wesley Saïd",29,"FW","Lens",24,905,3,0.42,9,18,0,3e+06,FALSE
2025-06-02,"Warren Zaïre-Emery",18,"MF","Paris S-G",29,2050,3,0.14,18,74,0,5.5e+07,TRUE
2025-06-02,"Warmed Omari",24,"DF","Lyon",1,8,0,0,0,0,0,3e+06,TRUE
2025-06-02,"Wahbi Khazri",33,"FW","Montpellier",30,1118,2,0.37,18,30,0,1e+06,FALSE
2025-06-16,"Vitinha",24,"MF","Paris S-G",29,2042,6,0.27,27,57,0,8e+06,TRUE
2025-06-02,"Vincent Sierro",28,"MF","Toulouse",29,2402,6,0.29,30,60,0,4e+06,FALSE
2025-06-02,"Victor Orakpo",18,"FW","Nice",4,36,0,0.81,0,0,0,4e+05,TRUE
2025-06-02,"Vanderson",23,"DF","Monaco",29,2064,4,0.23,23,115,0,2e+07,TRUE
2025-06-02,"Valentin Rongier",29,"MF","Marseille",25,1562,4,0.12,11,83,0,9e+06,TRUE
2025-06-02,"Ulisses Garcia",28,"DF","Marseille",20,930,4,0.28,8,22,0,5e+06,TRUE
2025-06-02,"Tom Pouilly",21,"DF","Lens",10,273,0,0.28,3,13,0,8e+05,FALSE
2025-06-02,"Tom Louchet",21,"DF","Nice",22,775,1,0.22,14,45,0,2500000,TRUE
2025-06-02,"Tino Kadewere",28,"MF","Nantes",12,512,3,0.47,8,20,0,2500000,FALSE
2025-06-02,"Thomas Meunier",32,"DF","Lille",30,1928,2,0.12,13,87,0,2e+06,TRUE
2025-06-02,"Thomas Delaine",32,"DF","Strasbourg",2,9,0,0,0,2,0,6e+05,TRUE
2025-06-02,"Thilo Kehrer",27,"DF","Monaco",27,2383,4,0.07,5,73,0,2e+07,TRUE
2025-06-01,"Thibault De Smet",26,"DF","Reims",5,192,0,0.07,0,10,0,2500000,FALSE
2025-06-02,"Thiago Almada",23,"MF","Lyon",16,951,5,0.44,22,21,0,2.5e+07,TRUE
2025-06-02,"Théo Sainte-Luce",25,"DF","Montpellier",16,1018,1,0.17,8,36,0,8e+05,FALSE
2025-06-01,"Théo Pellenard",30,"DF","Auxerre",2,45,0,0,0,3,0,7e+05,FALSE
2025-06-02,"Théo De Percin",23,"GK","Auxerre",2,180,0,0,0,0,77.8,3e+05,FALSE
2025-06-02,"Théo Chennahi",19,"DF","Montpellier",4,181,0,0.09,1,8,0,150000,FALSE
2025-06-02,"Theo Bair",24,"FW","Auxerre",29,939,3,0.4,10,7,0,1800000,FALSE
2025-06-02,"Téji Savanier",32,"MF","Montpellier",31,2363,7,0.42,67,44,0,2500000,FALSE
2025-06-02,"Teddy Teuma",30,"MF","Reims",17,750,1,0.3,13,30,0,3e+06,FALSE
2025-06-02,"Tanner Tessmann",22,"MF","Lyon",25,1234,1,0.11,7,44,0,6e+06,TRUE
2025-06-02,"Tanguy Coulibaly",23,"FW","Montpellier",25,1485,3,0.31,18,43,0,1500000,FALSE
2025-06-02,"Takumi Minamino",29,"MF","Monaco",31,2231,9,0.62,40,43,0,1.5e+07,TRUE
2025-06-11,"Steve Ngoura",19,"FW","Le Havre",8,289,0,0.54,2,4,0,8e+05,FALSE
2025-09-09,"Steve Mandanda",39,"GK","Rennes",18,1486,0,0.01,2,0,58.8,0,FALSE
2025-06-02,"Soungoutou Magassa",20,"MF","Monaco",21,1025,1,0.12,7,68,0,1.2e+07,TRUE
2025-06-02,"Soumaïla Coulibaly",20,"DF","Brest",7,438,0,0.05,1,9,0,8e+06,FALSE
2025-06-02,"Sorba Thomas",24,"FW","Nantes",25,1321,4,0.35,36,23,0,3500000,FALSE
2025-06-02,"Sofiane Diop",24,"MF","Nice",28,1064,10,0.75,24,40,0,1e+07,TRUE
2025-06-02,"Simon Cara",19,"MF","Montpellier",2,9,0,0,0,0,0,50000,FALSE
2025-06-02,"Shavy Babicka",24,"MF","Toulouse",30,1186,6,0.42,13,24,0,2500000,FALSE
2025-06-02,"Sergio Akieme",26,"DF","Reims",30,2523,5,0.14,21,51,0,7e+06,FALSE
2025-06-02,"Senny Mayulu",18,"MF","Paris S-G",20,808,4,0.55,12,30,0,1.5e+07,TRUE
2025-06-02,"Seko Fofana",29,"MF","Rennes",16,844,2,0.31,13,18,0,1e+07,FALSE
2025-06-02,"Sebastian Nanasi",22,"MF","Strasbourg",31,2107,10,0.49,37,27,0,1.8e+07,TRUE
2025-06-01,"Samuel Grandsir",27,"MF","Le Havre",6,84,0,0.67,3,5,0,8e+05,FALSE
2025-06-02,"Saïmon Bouabré",18,"MF","Monaco",3,97,0,0,0,1,0,3e+05,TRUE
2025-06-23,"Saïd Benrahma",28,"FW","Lyon",13,735,4,0.49,14,12,0,1e+07,TRUE
2025-06-02,"Rudy Matondo",16,"MF","Auxerre",5,66,0,0,0,1,0,3e+05,FALSE
2025-06-02,"Ruben Aguilar",31,"DF","Lens",16,1124,3,0.21,11,47,0,3500000,FALSE
2025-06-02,"Romain Faivre",26,"MF","Brest",20,899,5,0.45,10,17,0,6e+06,FALSE
2025-06-02,"Romain Del Castillo",28,"FW","Brest",26,1259,10,0.58,37,37,0,7e+06,FALSE
2025-06-02,"Robinio Vaz",17,"FW","Marseille",2,75,0,0.61,0,1,0,150000,TRUE
2025-06-02,"Rémy Labeau Lascary",21,"FW","Lens",14,637,3,0.51,7,17,0,2e+06,FALSE
2025-06-02,"Rémy Descamps",28,"GK","Lyon",1,90,0,0,0,0,66.7,1200000,TRUE
2025-06-02,"Rémy Cabella",34,"FW","Lille",23,1011,3,0.55,26,47,0,2500000,TRUE
2025-06-02,"Reda Khadra",23,"MF","Reims",4,78,0,0.03,1,1,0,2e+06,FALSE
2025-06-09,"Rayan Raveloson",27,"MF","Auxerre",13,724,1,0.12,3,11,0,2e+06,FALSE
2025-06-02,"Rayan Fofana",18,"FW","Lens",2,25,0,0,0,2,0,50000,FALSE
2025-06-02,"Rayan Cherki",20,"FW","Lyon",30,2041,19,0.71,75,22,0,4.5e+07,TRUE
2025-06-02,"Rassoul Ndiaye",22,"MF","Le Havre",27,1061,1,0.2,10,47,0,2e+06,FALSE
2025-06-02,"Rasmus Nicolaisen",27,"DF","Toulouse",7,623,1,0.1,2,16,0,4500000,FALSE
2025-06-02,"Rafik Messali",21,"DF","Toulouse",13,456,1,0.25,11,25,0,8e+05,FALSE
2025-06-02,"Rabby Nzingoula",18,"MF","Montpellier",27,1689,1,0.14,8,93,0,2500000,FALSE
2025-06-02,"Quentin Merlin",22,"DF","Marseille",27,1589,4,0.28,25,36,0,1.5e+07,TRUE
2025-06-02,"Prosper Peter",16,"MF","Angers",2,27,0,0,0,2,0,50000,FALSE
2025-06-02,"Presnel Kimpembe",28,"DF","Paris S-G",2,23,0,0,0,1,0,5e+06,TRUE
2025-06-02,"Pol Lirola",26,"DF","Marseille",19,680,3,0.17,8,17,0,4e+06,TRUE
2025-06-02,"Pierrick Capelle",37,"MF","Angers",16,483,0,0.26,5,35,0,2e+05,FALSE
2025-06-02,"Pierre Lees-Melou",31,"MF","Brest",20,1526,4,0.24,19,60,0,6e+06,FALSE
2025-06-02,"Pierre Cornud",27,"DF","Saint-Étienne",11,576,0,0.05,3,21,0,8e+05,FALSE
2025-06-02,"Philipp Köhn",26,"GK","Monaco",19,1710,0,0,0,0,71.4,5e+06,TRUE
2025-06-02,"Pedro Chirivella",27,"MF","Nantes",30,2348,2,0.09,19,63,0,5e+06,FALSE
2025-06-02,"Paul Joly",24,"DF","Auxerre",26,1009,1,0.17,16,74,0,1800000,FALSE
2025-06-02,"Paul Akouokou",26,"MF","Lyon",2,19,0,0,0,2,0,8e+05,TRUE
2025-06-02,"Patrik Carlgren",32,"GK","Nantes",5,417,0,0,0,0,75,6e+05,FALSE
2025-06-02,"Pablo Rosario",27,"MF","Nice",29,1775,4,0.22,16,61,0,8e+06,TRUE
2025-05-27,"Oussama Targhalline",22,"MF","Le Havre",14,990,0,0.08,6,38,0,4e+06,FALSE
2025-06-02,"Ousmane Dembélé",27,"FW","Paris S-G",29,1730,27,1.29,63,20,0,9e+07,TRUE
2025-06-23,"Ousmane Camara",21,"DF","Angers",3,252,0,0.04,1,4,0,5e+05,FALSE
2025-06-02,"Oumar Diakité",20,"FW","Reims",26,1628,5,0.36,11,23,0,6e+06,FALSE
2025-06-02,"Othmane Maamma",18,"FW","Montpellier",12,361,2,0.29,3,4,0,6e+05,FALSE
2025-06-02,"Óscar Perea",18,"MF","Strasbourg",2,14,0,0.09,0,0,0,2e+06,TRUE
2025-05-29,"Orel Mangala",26,"MF","Lyon",1,67,0,0.1,1,1,0,1.8e+07,TRUE
2025-06-02,"Nuno Mendes",22,"DF","Paris S-G",24,1676,4,0.39,30,48,0,7e+07,TRUE
2025-06-01,"Nordine Kandil",22,"MF","Strasbourg",1,10,0,0,0,0,0,1e+06,TRUE
2025-06-02,"Noham Kamara",17,"DF","Paris S-G",2,76,0,0,0,2,0,5e+05,TRUE
2025-06-02,"Noah Edjouma",18,"MF","Toulouse",10,171,2,0.7,1,4,0,8e+05,FALSE
2025-06-02,"Nikola Maksimović",32,"DF","Montpellier",7,581,0,0.01,2,15,0,3e+05,FALSE
2025-06-02,"Niklas Schmidt",26,"MF","Toulouse",9,205,1,0.34,5,7,0,1800000,FALSE
2025-06-02,"Nicolás Tagliafico",31,"DF","Lyon",24,1902,4,0.18,5,93,0,6e+06,TRUE
2025-06-02,"Nicolas Pays",20,"FW","Montpellier",9,447,0,0.29,3,17,0,7e+05,FALSE
2025-06-02,"Nicolas Pallois",36,"DF","Nantes",26,2017,2,0.04,3,89,0,4e+05,FALSE
2025-06-02,"Nicolas Cozza",25,"DF","Nantes",27,2051,1,0.12,7,84,0,3500000,FALSE
2025-06-02,"Nhoa Sangui",18,"DF","Reims",26,1158,2,0.05,5,24,0,2500000,FALSE
2025-06-02,"Neil El Aynaoui",23,"MF","Lens",24,1588,9,0.34,22,69,0,1.5e+07,FALSE
2025-06-02,"Neal Maupay",27,"FW","Marseille",22,1042,8,0.54,13,11,0,8e+06,TRUE
2025-06-02,"Naouirou Ahamada",22,"MF","Rennes",3,58,0,0.03,0,2,0,3500000,FALSE
2025-06-02,"Nampalys Mendy",32,"MF","Lens",10,588,1,0.04,1,24,0,1800000,FALSE
2025-06-02,"Nabil Bentaleb",29,"MF","Lille",10,329,1,0.21,1,9,0,6e+06,TRUE
2025-06-01,"Naatan Skyttä",22,"FW","Toulouse",1,5,0,0,0,1,0,3e+06,FALSE
2025-06-02,"Mostafa Mohamed",26,"FW","Nantes",30,1252,5,0.43,6,28,0,5e+06,FALSE
2025-06-02,"Moses Simon",29,"FW","Nantes",32,2609,18,0.43,56,32,0,1.2e+07,FALSE
2025-06-02,"Mory Gbane",23,"DF","Reims",13,1125,1,0.06,7,38,0,4e+06,FALSE
2025-06-02,"Morgan Sanson",29,"MF","Nice",6,235,3,0.6,1,10,0,5e+06,TRUE
2025-06-02,"Moïse Bombito",24,"DF","Nice",27,2192,0,0.04,2,55,0,1e+07,TRUE
2025-06-02,"Mohammed Salisu",25,"DF","Monaco",15,1023,1,0.07,3,44,0,1.2e+07,TRUE
2025-06-02,"Mohamed Daramy",22,"FW","Reims",2,16,0,0.51,1,0,0,4e+06,FALSE
2025-06-01,"Mohamed Bamba",19,"MF","Reims",2,10,0,0,0,0,0,5e+06,FALSE
2025-06-02,"Modibo Sagnan",25,"DF","Montpellier",27,2141,2,0.06,6,86,0,3e+06,FALSE
2025-05-27,"Milos Lukovic",18,"FW","Strasbourg",2,12,0,0,0,0,0,5e+06,TRUE
2025-06-17,"Milan Škriniar",29,"DF","Paris S-G",5,382,0,0.06,1,10,0,1.5e+07,TRUE
2025-06-02,"Mika Biereth",21,"FW","Monaco",16,1228,15,1.16,22,9,0,3e+07,TRUE
2025-06-02,"Miha Zajc",30,"MF","Toulouse",19,262,0,0.1,3,7,0,1500000,FALSE
2025-06-02,"Melvin Zinga",22,"GK","Angers",1,90,0,0,0,0,75,3e+05,FALSE
2025-06-02,"Melvin Bard",23,"DF","Nice",24,1938,3,0.19,15,82,0,1.5e+07,TRUE
2025-06-02,"Maxime Bernauer",26,"DF","Saint-Étienne",11,763,0,0.01,1,14,0,2e+06,FALSE
2025-06-02,"Matthis Abline",21,"FW","Nantes",34,2768,11,0.4,27,15,0,1.8e+07,FALSE
2025-06-02,"Mathieu Gorgelin",33,"GK","Le Havre",16,1440,0,0,0,2,63.4,3e+05,FALSE
2025-06-01,"Mathieu Cafaro",27,"MF","Saint-Étienne",15,732,1,0.34,13,17,0,2500000,FALSE
2025-06-02,"Mathias Pereira Lage",27,"FW","Brest",29,1571,9,0.39,22,57,0,2500000,FALSE
2025-06-02,"Mathew Ryan",32,"GK","Lens",14,1260,0,0,0,2,75.8,2500000,FALSE
2025-06-02,"Mathéo Bodmer",20,"MF","Le Havre",1,6,0,0,0,0,0,50000,FALSE
2025-06-02,"Massadio Haïdara",31,"DF","Brest",22,1678,0,0.04,8,53,0,1500000,FALSE
2025-06-02,"Mason Greenwood",22,"FW","Marseille",34,2804,26,0.71,47,47,0,4e+07,TRUE
2025-06-02,"Marwann Nzuzi",20,"DF","Saint-Étienne",2,125,0,0.08,1,4,0,2e+05,FALSE
2025-06-09,"Marvin Senaya",23,"DF","Strasbourg",10,227,0,0.06,2,15,0,1800000,TRUE
2025-06-01,"Martin Adeline",20,"MF","Reims",1,26,0,0,0,1,0,7e+05,FALSE
2025-09-04,"Marquinhos",30,"DF","Paris S-G",22,1725,2,0.1,9,41,0,5e+06,TRUE
2025-06-02,"Mark McKenzie",25,"DF","Toulouse",30,2496,2,0.07,4,74,0,6e+06,FALSE
2025-06-02,"Marius Courcoul",17,"MF","Angers",8,309,0,0.04,1,10,0,3e+05,FALSE
2025-06-02,"Marcus Coco",28,"DF","Nantes",20,951,1,0.12,10,38,0,1200000,FALSE
2025-06-02,"Marco Bizot",33,"GK","Brest",32,2880,0,0,0,2,64.1,3e+06,FALSE
2025-06-02,"Mamadou Sarr",18,"DF","Strasbourg",27,2365,1,0.04,5,62,0,2e+07,TRUE
2025-06-02,"Mamadou Diakhon",18,"FW","Reims",28,858,3,0.23,13,16,0,3e+06,FALSE
2025-06-02,"Mamadou Coulibaly",20,"MF","Monaco",1,8,0,0.85,0,1,0,2e+05,TRUE
2025-06-02,"Malick Fofana",19,"FW","Lyon",29,1589,9,0.43,25,30,0,3e+07,TRUE
2025-06-02,"Malcolm Jeng",19,"DF","Reims",3,107,0,0,0,3,0,2e+06,FALSE
2025-06-02,"Malang Sarr",25,"DF","Lens",21,1385,0,0.04,5,43,0,5e+06,FALSE
2025-06-02,"Mahdi Camara",26,"MF","Brest",34,2659,8,0.21,26,104,0,9e+06,FALSE
2025-06-02,"Mahamadou Nagida",19,"DF","Rennes",12,430,2,0.38,3,17,0,8e+05,FALSE
2025-06-02,"Mahamadou Diawara",19,"MF","Le Havre",15,582,1,0.12,7,33,0,2e+06,FALSE
2025-06-02,"Maghnes Akliouche",22,"FW","Monaco",32,2406,15,0.62,49,66,0,4.5e+07,TRUE
2025-06-26,"Luiz Felipe",27,"DF","Marseille",4,122,0,0,0,7,0,6e+05,TRUE
2025-06-02,"Luis Henrique",22,"DF","Marseille",33,2613,14,0.29,53,26,0,2.5e+07,TRUE
2025-06-02,"Ludovic Blas",26,"MF","Rennes",29,2293,14,0.38,47,51,0,1.8e+07,FALSE
2025-06-02,"Ludovic Ajorque",30,"FW","Brest",31,2495,15,0.49,35,32,0,4e+06,FALSE
2025-06-02,"Luck Zogbé",19,"DF","Brest",13,638,0,0.06,4,46,0,2500000,FALSE
2025-06-02,"Lucas Stassin",19,"FW","Saint-Étienne",28,1887,16,0.53,18,19,0,1.8e+07,FALSE
2025-06-02,"Lucas Perri",26,"GK","Lyon",33,2970,0,0,1,1,74.4,1e+07,TRUE
2025-06-02,"Lucas Mincarelli",20,"DF","Montpellier",10,715,1,0.11,3,26,0,9e+05,FALSE
2025-06-02,"Lucas Michal",19,"FW","Monaco",8,117,0,0.87,1,6,0,5e+05,TRUE
2025-06-02,"Lucas Hernández",28,"DF","Paris S-G",16,877,0,0.01,1,31,0,2.5e+07,TRUE
2025-06-02,"Lucas Chevalier",22,"GK","Lille",34,3060,0,0.03,3,3,74.6,3e+07,TRUE
2025-06-02,"Lucas Beraldo",20,"DF","Paris S-G",25,2011,1,0.06,8,59,0,2.5e+07,TRUE
2025-06-02,"Louis Mouton",22,"MF","Saint-Étienne",24,1045,1,0.22,16,59,0,7e+05,FALSE
2025-06-02,"Louis Leroux",18,"MF","Nantes",16,816,3,0.31,12,33,0,4e+06,FALSE
2025-06-02,"Lorenz Assignon",24,"DF","Rennes",32,2357,7,0.22,29,74,0,9e+06,FALSE
2025-06-02,"Loïc Nego",33,"DF","Le Havre",31,2459,0,0.05,13,87,0,7e+05,FALSE
2025-06-02,"Lilian Raolisoa",24,"DF","Angers",29,1318,3,0.18,14,56,0,8e+05,FALSE
2025-06-02,"Lilian Brassier",24,"DF","Rennes",14,1234,2,0.13,6,37,0,1e+07,FALSE
2025-06-02,"Leonardo Balerdi",25,"DF","Marseille",27,2273,0,0.07,8,92,0,2e+07,TRUE
2025-06-02,"Léo Pétrot",27,"DF","Saint-Étienne",31,2634,3,0.08,16,104,0,9e+05,FALSE
2025-06-02,"Lasso Coulibaly",21,"FW","Auxerre",3,45,1,0.69,1,1,0,1200000,FALSE
2025-06-02,"Lassine Sinayoko",24,"FW","Auxerre",34,2299,13,0.47,37,46,0,4e+06,FALSE
2025-08-25,"Lanroy Machine",18,"FW","Angers",2,8,0,0.62,0,0,0,3e+05,FALSE
2025-06-02,"Lamine Fomba",26,"MF","Saint-Étienne",7,217,0,0.13,1,12,0,6e+05,FALSE
2025-06-02,"Lamine Camara",20,"MF","Monaco",29,2054,9,0.29,44,97,0,2.2e+07,TRUE
2025-06-02,"Kyogo Furuhashi",29,"FW","Rennes",6,123,0,0.09,0,2,0,9e+06,FALSE
2025-06-02,"Kyllian Antonio",16,"DF","Lens",3,139,0,0.03,0,6,0,3e+05,FALSE
2025-06-02,"Krépin Diatta",25,"DF","Monaco",19,508,0,0.17,4,27,0,7e+06,TRUE
2025-06-02,"Kjetil Haug",26,"GK","Toulouse",6,498,0,0,0,0,56.3,6e+05,FALSE
2025-06-02,"Ki-Jana Hoever",22,"DF","Auxerre",30,2124,3,0.13,24,72,0,5e+06,FALSE
2025-06-02,"Khvicha Kvaratskhelia",23,"FW","Paris S-G",14,916,7,0.8,25,21,0,9e+07,TRUE
2025-06-02,"Khalil Fayad",20,"MF","Montpellier",20,1028,0,0.13,7,41,0,3e+06,FALSE
2025-06-02,"Keyliane Abdallah",18,"FW","Marseille",1,3,0,0,0,1,0,1e+05,TRUE
2025-06-02,"Kévin Pedro",18,"DF","Saint-Étienne",1,10,0,0,0,5,0,50000,FALSE
2025-06-02,"Kévin Danois",20,"MF","Auxerre",22,1460,0,0.23,25,69,0,8e+06,FALSE
2025-06-02,"Kenny Lala",32,"DF","Brest",30,2686,5,0.24,41,91,0,2e+06,FALSE
2025-05-25,"Kembo Diliwidi",18,"DF","Lens",1,4,0,0,0,0,0,50000,FALSE
2025-06-02,"Kelvin Amian",26,"DF","Nantes",30,2165,1,0.08,13,68,0,2500000,FALSE
2025-06-02,"Keito Nakamura",24,"FW","Reims",32,2649,13,0.41,26,37,0,8e+06,FALSE
2025-06-02,"Kazeem Olaigbe",21,"MF","Rennes",10,299,2,0.67,15,6,0,5e+06,FALSE
2025-06-02,"Kassoum Ouattara",19,"DF","Monaco",12,391,1,0.31,6,14,0,7e+06,TRUE
2025-06-11,"Karol Fila",26,"MF","Strasbourg",1,5,0,0,0,0,0,6e+05,TRUE
2025-06-02,"Karl-Johan Johnsson",34,"GK","Strasbourg",3,270,0,0,0,0,77.3,3e+05,TRUE
2025-06-01,"Kandet Diawara",24,"FW","Le Havre",1,4,0,0,0,0,0,4e+05,FALSE
2025-06-02,"Kamory Doumbia",21,"MF","Brest",30,1322,5,0.27,26,69,0,4e+06,FALSE
2025-06-02,"Justin Bourgault",18,"DF","Brest",2,122,1,0.15,1,2,0,8e+05,FALSE
2025-06-02,"Junya Ito",31,"FW","Reims",33,2690,7,0.39,82,58,0,6e+06,FALSE
2025-06-02,"Junior Ndiaye",19,"FW","Montpellier",15,441,0,0.19,5,3,0,150000,FALSE
2025-06-02,"Junior Mwanga",21,"MF","Strasbourg",8,296,0,0.01,1,19,0,6e+06,TRUE
2025-06-02,"Juma Bah",18,"DF","Lens",10,686,0,0.03,2,33,0,6e+06,FALSE
2025-06-02,"Julien Le Cardinal",26,"DF","Brest",16,1378,1,0.05,5,60,0,2e+06,FALSE
2025-06-02,"Jubal",30,"DF","Auxerre",30,2640,6,0.21,6,85,0,2500000,FALSE
2025-09-09,"Jota",25,"FW","Rennes",9,334,1,0.44,5,8,0,2e+05,FALSE
2025-06-02,"Josué Casimir",22,"FW","Le Havre",27,1997,8,0.3,26,44,0,4e+06,FALSE
2025-06-02,"Joshua King",32,"FW","Toulouse",28,1673,9,0.47,17,17,0,1800000,FALSE
2025-06-02,"Joseph Okumu",27,"DF","Reims",22,1695,1,0.06,4,55,0,7e+06,FALSE
2025-06-02,"Joris Chotard",22,"MF","Montpellier",26,1892,1,0.09,7,58,0,6e+06,FALSE
2025-06-02,"Jordan Veretout",31,"MF","Lyon",27,1553,2,0.14,13,35,0,4e+06,TRUE
2025-06-02,"Jordan Teze",24,"DF","Monaco",16,569,1,0.43,13,24,0,9e+06,TRUE
2025-05-27,"Jordan Lotomba",25,"MF","Nice",2,35,0,0,0,0,0,6500000,TRUE
2025-06-02,"Jordan Lefort",30,"DF","Angers",34,3060,1,0.05,10,84,0,1500000,FALSE
2025-06-02,"Jordan James",20,"MF","Rennes",23,1178,1,0.21,24,44,0,8e+06,FALSE
2025-06-02,"Jordan Ferri",32,"MF","Montpellier",25,1773,2,0.07,13,51,0,2e+06,FALSE
2025-06-02,"Jordan Amavi",30,"DF","Brest",11,790,0,0.05,6,31,0,1500000,FALSE
2025-06-02,"Jonathan Gradit",31,"DF","Lens",25,2112,0,0.06,11,69,0,4e+06,FALSE
2025-06-02,"Jonathan David",24,"FW","Lille",32,2554,21,0.73,36,31,0,4.5e+07,TRUE
2025-06-02,"Jonathan Clauss",31,"DF","Nice",28,2303,11,0.39,55,100,0,5e+06,TRUE
2025-06-02,"Jonas Martin",34,"MF","Brest",17,496,1,0.14,3,21,0,6e+05,FALSE
2025-06-02,"Johann Lepenant",21,"MF","Nantes",29,2048,3,0.1,8,86,0,6e+06,FALSE
2025-06-02,"João Neves",19,"MF","Paris S-G",29,1844,11,0.34,33,86,0,8e+07,TRUE
2025-06-02,"Jim Allevinah",29,"FW","Angers",28,1750,4,0.35,15,31,0,1500000,FALSE
2025-06-02,"Jhoanner Chávez",22,"DF","Lens",10,596,1,0.15,9,15,0,3500000,FALSE
2025-06-01,"Jérémy Sebas",21,"FW","Strasbourg",13,190,0,0.35,1,3,0,7e+05,TRUE
2025-06-01,"Jérémy Le Douaron",26,"FW","Brest",2,102,0,0.14,0,1,0,3e+06,FALSE
2025-06-02,"Jérémy Jacquet",19,"DF","Rennes",11,927,1,0.16,4,53,0,1e+07,FALSE
2025-06-02,"Jeremy Agbonifo",18,"FW","Lens",8,300,1,0.26,3,8,0,5e+06,FALSE
2025-06-09,"Jean-Philippe Gbamin",28,"MF","Nantes",14,216,0,0.22,0,5,0,2e+06,FALSE
2025-06-02,"Jean-Eudes Aholou",30,"MF","Angers",26,1959,2,0.13,10,89,0,2e+06,FALSE
2025-06-02,"Jean-Charles Castelletto",29,"DF","Nantes",30,2620,0,0.06,2,59,0,3500000,FALSE
2025-06-02,"Jaydee Canvot",18,"DF","Toulouse",18,1106,0,0.08,4,34,0,4e+06,FALSE
2025-06-02,"Issiaga Sylla",30,"DF","Montpellier",19,1156,1,0.19,7,35,0,1500000,FALSE
2025-05-25,"Issiaga Camara",19,"MF","Nice",4,20,0,0,0,5,0,2e+05,TRUE
2025-06-02,"Issa Soumaré",23,"FW","Le Havre",29,1902,9,0.33,28,41,0,2e+06,FALSE
2025-06-02,"Ismaily",34,"DF","Lille",16,904,1,0.17,5,46,0,1200000,TRUE
2025-06-17,"Ismail Jakobs",24,"DF","Monaco",2,180,0,0.11,4,7,0,7e+06,TRUE
2025-06-02,"Ismaël Koné",22,"MF","Rennes",13,469,3,0.28,5,13,0,9e+06,FALSE
2025-06-02,"Ismaël Doukouré",21,"DF","Strasbourg",31,2639,2,0.06,11,65,0,1.8e+07,TRUE
2025-06-02,"Ilyes Housni",19,"FW","Le Havre",12,230,0,0.17,2,8,0,1500000,FALSE
2025-06-02,"Ike Orazi",17,"MF","Reims",1,3,0,0,0,0,0,1e+05,FALSE
2025-06-04,"Ignatius Ganago",25,"FW","Nantes",11,241,0,0.25,5,5,0,2e+06,FALSE
2025-06-02,"Ibrahima Wadji",29,"FW","Saint-Étienne",10,347,0,0.2,1,8,0,7e+05,FALSE
2025-06-02,"Ibrahima Niane",25,"FW","Angers",24,943,4,0.64,9,9,0,1e+06,FALSE
2025-06-02,"Ibrahim Sissoko",28,"FW","Saint-Étienne",20,819,4,0.54,7,13,0,1800000,FALSE
2025-06-02,"Ibrahim Salah",22,"FW","Brest",12,358,2,0.29,6,6,0,3e+06,FALSE
2025-06-02,"Ibrahim Mbaye",16,"FW","Paris S-G",9,340,2,0.78,3,6,0,3e+06,TRUE
2025-06-02,"Hugo Magnetti",26,"MF","Brest",32,2323,1,0.05,6,70,0,6e+06,FALSE
2025-06-02,"Hiroki Sekine",21,"DF","Reims",15,887,0,0.04,3,14,0,1200000,FALSE
2025-06-02,"Himad Abdelli",24,"MF","Angers",32,2842,7,0.3,39,74,0,7e+06,FALSE
2025-06-02,"Hicham Boudaoui",24,"MF","Nice",29,2435,5,0.21,22,98,0,1.5e+07,TRUE
2025-06-02,"Hervé Koffi",27,"GK","Lens",5,450,0,0,0,1,76.9,1200000,FALSE
2025-06-01,"Henrik Meister",20,"FW","Rennes",4,63,1,0.45,2,3,0,2800000,FALSE
2025-06-02,"Haris Belkebla",30,"MF","Angers",22,1792,1,0.05,5,91,0,2e+06,FALSE
2025-06-02,"Hans Hateboer",30,"DF","Rennes",26,1684,0,0.1,15,60,0,2500000,FALSE
2025-06-02,"Han-Noah Massengo",23,"MF","Auxerre",17,1046,0,0.07,3,34,0,5e+06,FALSE
2025-06-02,"Hamzat Ojediran",20,"MF","Lens",17,416,1,0.22,2,38,0,1800000,FALSE
2025-06-02,"Hamidou Makalou",18,"FW","Brest",4,32,0,0,0,0,0,3e+05,FALSE
2025-06-02,"Hákon Arnar Haraldsson",21,"MF","Lille",25,1755,8,0.34,35,44,0,1.8e+07,TRUE
2025-06-02,"Habib Diarra",20,"MF","Strasbourg",30,2352,9,0.3,27,35,0,2e+07,TRUE
2025-06-02,"Guillaume Restes",19,"GK","Toulouse",29,2543,1,0,1,3,62,2e+07,FALSE
2025-06-02,"Grégoire Coudert",25,"GK","Brest",2,180,0,0,0,0,61.5,5e+05,FALSE
2025-06-02,"Gonçalo Ramos",23,"FW","Paris S-G",22,1066,13,1.33,15,11,0,4e+07,TRUE
2025-06-02,"Goduine Koyalipou",24,"FW","Lens",15,885,4,0.57,10,4,0,2500000,FALSE
2025-05-26,"Glen Kamara",28,"MF","Rennes",13,662,1,0.05,5,30,0,5e+06,FALSE
2025-06-04,"Gift Orban",22,"FW","Lyon",3,186,2,0.6,1,0,0,1e+07,TRUE
2025-06-02,"Gideon Mensah",26,"DF","Auxerre",29,2280,1,0.11,22,118,0,4e+06,FALSE
2025-06-02,"Gianluigi Donnarumma",25,"GK","Paris S-G",24,2091,0,0,0,1,67.6,4e+07,TRUE
2025-06-02,"Gerónimo Rulli",32,"GK","Marseille",34,3060,0,0,2,5,67.4,8e+06,TRUE
2025-06-02,"Georges Mikautadze",23,"FW","Lyon",34,1449,17,0.91,21,11,0,2.2e+07,TRUE
2025-06-02,"George Ilenikhena",17,"FW","Monaco",23,717,5,0.81,9,6,0,1.5e+07,TRUE
2025-06-02,"Geoffrey Kondogbia",31,"DF","Marseille",25,2020,0,0.03,5,82,0,7e+06,TRUE
2025-06-02,"Gautier Lloris",29,"DF","Le Havre",31,2768,3,0.07,5,102,0,3e+06,FALSE
2025-06-02,"Gautier Larsonneur",27,"GK","Saint-Étienne",34,3060,0,0,1,1,69.4,3e+06,FALSE
2025-06-02,"Gauthier Gallon",31,"GK","Rennes",1,45,0,0,0,0,0,8e+05,FALSE
2025-06-02,"Gaëtan Perrin",28,"MF","Auxerre",34,2691,21,0.47,73,61,0,8e+06,FALSE
2025-06-02,"Gaëtan Laborde",30,"FW","Nice",28,1829,15,0.75,27,25,0,6e+06,TRUE
2025-06-02,"Gabriel Suazo",26,"DF","Toulouse",30,2163,6,0.19,40,95,0,4e+06,FALSE
2025-06-02,"Gabriel Osho",25,"DF","Auxerre",20,1654,1,0.06,1,35,0,3e+06,FALSE
2025-06-02,"Gabriel Moscardo",18,"MF","Reims",6,84,0,0.22,0,3,0,8e+06,FALSE
2025-06-02,"Gabriel Gudmundsson",25,"DF","Lille",30,1785,2,0.11,16,53,0,7e+06,TRUE
2025-06-02,"Gabin Capuano",18,"FW","Lens",1,11,0,0,0,0,0,50000,FALSE
2025-06-02,"Frank Magri",24,"FW","Toulouse",31,1516,6,0.45,9,12,0,3e+06,FALSE
2025-06-02,"Francis Coquelin",33,"MF","Nantes",6,224,2,0.86,5,15,0,9e+05,FALSE
2025-06-02,"Folarin Balogun",23,"FW","Monaco",13,615,4,0.82,6,2,0,1.8e+07,TRUE
2025-06-02,"Fodé Ballo-Touré",27,"DF","Le Havre",10,589,0,0.02,1,12,0,1200000,FALSE
2025-06-02,"Florian Tardieu",32,"MF","Saint-Étienne",24,1252,6,0.15,19,33,0,6e+05,FALSE
2025-06-02,"Florian Sotoca",33,"FW","Lens",31,1794,2,0.31,18,36,0,2e+06,FALSE
2025-06-02,"Florian Ayé",27,"FW","Auxerre",26,575,2,0.32,3,9,0,1200000,FALSE
2025-06-02,"Florent Mollet",32,"MF","Nantes",9,242,0,0.24,6,3,0,1200000,FALSE
2025-06-02,"Florent Hanin",34,"DF","Angers",33,2672,3,0.1,25,116,0,3e+05,FALSE
2025-06-02,"Félix Lemaréchal",20,"MF","Strasbourg",27,1779,7,0.32,29,49,0,1e+07,TRUE
2025-06-02,"Farid El Melali",27,"FW","Angers",32,1893,5,0.32,25,44,0,3500000,FALSE
2025-06-02,"Falaye Sacko",29,"DF","Montpellier",16,1233,1,0.01,7,27,0,1500000,FALSE
2025-06-02,"Facundo Medina",25,"DF","Lens",29,2543,1,0.13,24,76,0,2.5e+07,FALSE
2025-06-02,"Fabien Centonze",28,"DF","Nantes",7,265,0,0.05,3,10,0,1800000,FALSE
2025-06-02,"Evann Guessand",23,"FW","Nice",33,2565,20,0.51,32,59,0,2.5e+07,TRUE
2025-06-02,"Ethan Mbappé",17,"MF","Lille",10,222,0,1.05,6,7,0,5e+06,TRUE
2025-06-02,"Eros Maddy",23,"DF","Auxerre",2,15,0,0.52,1,0,0,150000,FALSE
2025-06-02,"Ernest Nuamah",20,"FW","Lyon",23,1052,4,0.32,18,29,0,1.5e+07,TRUE
2025-06-02,"Enzo Tchato",21,"DF","Montpellier",27,1899,0,0.08,14,70,0,2500000,FALSE
2025-07-23,"Enzo Caumont",20,"MF","Angers",2,34,0,0,0,2,0,0,FALSE
2025-06-04,"Emmanuel Sabbi",26,"FW","Le Havre",15,653,0,0.35,4,17,0,1500000,FALSE
2025-06-02,"Emmanuel Biumla",19,"DF","Angers",17,1336,1,0.05,1,27,0,4e+06,FALSE
2025-05-29,"Emmanuel Agbadou",27,"DF","Reims",14,1260,0,0.06,8,44,0,2e+07,FALSE
2025-06-02,"Elysée Logbo",20,"FW","Le Havre",1,27,0,0.61,0,0,0,4e+05,FALSE
2025-06-02,"Elisha Owusu",26,"MF","Auxerre",28,2344,4,0.05,14,115,0,3e+06,FALSE
2025-05-26,"Eliot Matazo",22,"MF","Monaco",3,68,0,0.08,1,4,0,2e+06,TRUE
2025-06-02,"Eliesse Ben Seghir",19,"MF","Monaco",33,1750,9,0.55,33,44,0,2.8e+07,TRUE
2025-06-02,"Eduard Sobol",29,"DF","Strasbourg",10,95,0,0,0,2,0,9e+05,TRUE
2025-06-02,"Edon Zhegrova",25,"FW","Lille",12,978,5,0.41,16,9,0,2.5e+07,TRUE
2025-06-02,"Edimilson Fernandes",28,"MF","Brest",19,1105,1,0.08,8,29,0,3e+06,FALSE
2025-06-02,"Edhy Zuliani",19,"DF","Toulouse",1,9,0,0,0,1,0,50000,FALSE
2025-06-02,"Dylan Batubinsika",28,"DF","Saint-Étienne",25,2016,1,0.04,4,65,0,1200000,FALSE
2025-06-02,"Donovan Léon",31,"GK","Auxerre",32,2880,2,0.01,3,0,73.8,1e+06,FALSE
2025-06-02,"Djibril Sidibé",32,"DF","Toulouse",28,2101,3,0.14,18,85,0,1e+06,FALSE
2025-06-02,"Djaoui Cissé",20,"MF","Rennes",14,1121,1,0.05,6,46,0,8e+06,FALSE
2025-06-02,"Dimitry Bertaud",26,"GK","Montpellier",4,360,0,0,0,0,57.1,1e+06,FALSE
2025-06-02,"Dilane Bakwa",21,"MF","Strasbourg",30,2497,14,0.41,47,41,0,2.5e+07,TRUE
2025-06-02,"Diego Moreira",19,"DF","Strasbourg",32,2568,9,0.33,30,79,0,1.8e+07,TRUE
2025-06-02,"Désiré Doué",19,"FW","Paris S-G",31,1730,12,0.67,55,61,0,9e+07,TRUE
2025-06-02,"Derek Cornelius",26,"DF","Marseille",21,1420,0,0.06,4,38,0,5e+06,TRUE
2025-06-02,"Dennis Appiah",32,"DF","Saint-Étienne",29,2128,1,0.1,13,100,0,8e+05,FALSE
2025-06-02,"Denis Zakaria",27,"MF","Monaco",26,2144,10,0.28,16,75,0,3e+07,TRUE
2025-06-23,"Denis Genreau",25,"MF","Toulouse",8,222,0,0.31,5,10,0,8e+05,FALSE
2025-06-02,"Deiver Machado",30,"DF","Lens",27,1805,5,0.22,20,52,0,3e+06,FALSE
2025-06-22,"David Costa",23,"MF","Lens",11,352,0,0.41,6,3,0,8e+05,FALSE
2025-06-02,"Darryl Bakola",16,"DF","Marseille",2,14,0,0,0,1,0,2e+05,TRUE
2025-06-02,"Dante",40,"DF","Nice",25,1964,0,0.03,4,66,0,5e+05,TRUE
2025-06-02,"Daler Kuzyaev",31,"MF","Le Havre",12,567,1,0.12,2,22,0,3500000,FALSE
2025-06-02,"Cristian Cásseres Jr.",24,"MF","Toulouse",32,2696,4,0.12,27,138,0,6e+06,FALSE
2025-06-02,"Corentin Tolisso",29,"MF","Lyon",32,2329,11,0.4,31,79,0,1.2e+07,TRUE
2025-06-02,"Clinton Mata",31,"DF","Lyon",29,2370,4,0.06,11,87,0,3500000,TRUE
2025-06-02,"Clément Akpa",22,"DF","Auxerre",31,2486,1,0.04,8,97,0,5e+06,FALSE
2025-06-02,"Chuba Akpom",28,"FW","Lille",14,639,4,0.78,5,8,0,7e+06,TRUE
2025-06-02,"Christopher Wooh",22,"DF","Rennes",20,1456,0,0.09,2,59,0,6e+06,FALSE
2025-06-17,"Christopher Operi",27,"DF","Le Havre",13,1169,2,0.19,24,27,0,3800000,FALSE
2025-06-02,"Christian Mawissa",19,"DF","Monaco",22,1501,0,0.01,1,68,0,1.5e+07,TRUE
2025-06-02,"Charlie Cresswell",21,"DF","Toulouse",31,2592,4,0.17,5,63,0,1e+07,FALSE
2025-06-02,"Cédric Kipré",27,"DF","Reims",28,2190,1,0.08,10,74,0,3e+06,FALSE
2025-06-02,"Cédric Hountondji",30,"DF","Angers",3,270,0,0,0,10,0,1200000,FALSE
2025-06-02,"Carlens Arcus",28,"DF","Angers",28,2047,1,0.06,17,79,0,1800000,FALSE
2025-05-26,"Caleb Wiley",19,"DF","Strasbourg",6,266,1,0.24,2,5,0,8e+06,TRUE
2025-06-02,"Brice Samba",30,"GK","Lens",15,1350,0,0,0,1,81.5,1.2e+07,FALSE
2025-06-02,"Brendan Chardonnet",29,"DF","Brest",27,2416,1,0.07,8,74,0,6e+06,FALSE
2025-06-02,"Breel Embolo",27,"FW","Monaco",29,1841,10,0.8,32,25,0,1.2e+07,TRUE
2025-06-02,"Bradley Locko",22,"DF","Brest",2,97,0,0.02,0,3,0,9e+06,FALSE
2025-06-02,"Bradley Barcola",21,"FW","Paris S-G",34,2181,24,0.97,50,46,0,7e+07,TRUE
2025-06-24,"Birama Touré",32,"MF","Montpellier",8,300,0,0.04,3,14,0,8e+05,FALSE
2025-06-02,"Bilal Nadir",20,"MF","Marseille",15,383,1,0.24,7,14,0,5e+06,TRUE
2025-06-01,"Bilal Brahimi",24,"MF","Nice",2,76,0,0.07,1,0,0,1200000,TRUE
2025-06-02,"Bernard Nguene",17,"FW","Nice",1,13,0,0,0,0,0,1e+05,TRUE
2025-05-25,"Beres Owusu",20,"DF","Saint-Étienne",1,90,0,0.03,1,2,0,350000,FALSE
2025-06-02,"Benjamin Lecomte",33,"GK","Montpellier",30,2700,0,0,3,0,64.2,1500000,FALSE
2025-05-27,"Benjamin Bourigeaud",30,"MF","Rennes",1,80,1,0.17,0,3,0,7e+06,FALSE
2025-06-02,"Benjamin Bouchouari",22,"MF","Saint-Étienne",25,1772,1,0.08,16,50,0,5e+06,FALSE
2025-06-02,"Benjamin André",33,"MF","Lille",30,2692,3,0.11,21,151,0,5e+06,TRUE
2025-06-02,"Ben Old",21,"FW","Saint-Étienne",13,528,0,0.31,9,9,0,7e+05,FALSE
2025-06-02,"Becir Omeragic",22,"DF","Montpellier",22,1799,0,0.02,3,45,0,4500000,FALSE
2025-06-02,"Baptiste Santamaria",29,"MF","Rennes",10,482,1,0.07,4,23,0,7e+06,FALSE
2025-06-02,"Bamo Meïté",22,"DF","Marseille",3,26,0,0,0,0,0,4e+06,TRUE
2025-06-02,"Bamba Dieng",24,"FW","Angers",18,532,3,0.53,1,4,0,3e+06,FALSE
2025-06-02,"Bafodé Diakité",23,"DF","Lille",31,2766,5,0.08,3,58,0,2.8e+07,TRUE
2025-06-02,"Badredine Bouanani",19,"MF","Nice",26,1099,6,0.42,20,22,0,7e+06,TRUE
2025-06-02,"Azor Matusiwa",26,"MF","Rennes",29,2078,4,0.13,17,98,0,8e+06,FALSE
2025-06-01,"Ayman Aiki",19,"FW","Saint-Étienne",5,127,0,0.09,1,4,0,4e+05,FALSE
2025-06-02,"Ayanda Sishuba",19,"FW","Rennes",1,3,0,0,0,1,0,1500000,FALSE
2025-05-25,"Axel Camblan",20,"MF","Brest",2,26,0,0.17,0,1,0,5e+05,FALSE
2025-06-02,"Aurélio Buta",27,"DF","Reims",27,1970,1,0.05,10,59,0,5e+06,FALSE
2025-06-02,"Augustine Boakye",23,"FW","Saint-Étienne",17,733,3,0.34,13,13,0,2500000,FALSE
2025-06-02,"Assane Dioussé",26,"MF","Auxerre",17,663,0,0.04,2,27,0,7e+05,FALSE
2025-06-02,"Arthur Desmas",30,"GK","Le Havre",18,1620,0,0,1,0,61.3,1200000,FALSE
2025-06-02,"Arouna Sangante",22,"DF","Le Havre",16,1244,3,0.08,3,46,0,8e+06,FALSE
2025-06-02,"Aron Dønnum",26,"DF","Toulouse",32,2689,4,0.22,45,84,0,4e+06,FALSE
2025-06-02,"Arnaud Kalimuendo",22,"FW","Rennes",33,2578,20,0.59,19,23,0,2.2e+07,FALSE
2025-06-02,"Arnau Tenas",23,"GK","Paris S-G",1,90,1,0.21,2,0,75,3e+06,TRUE
2025-06-02,"Aristide Zossou",19,"MF","Auxerre",3,16,0,0,0,0,0,1e+05,FALSE
2025-06-02,"Antoine Mendy",20,"DF","Nice",18,825,0,0.07,2,38,0,2500000,TRUE
2025-06-02,"Antoine Joujou",21,"MF","Le Havre",26,943,2,0.35,15,25,0,2e+06,FALSE
2025-06-02,"Anthony Rouault",23,"DF","Rennes",11,972,0,0.05,1,20,0,1e+07,FALSE
2025-06-02,"Anthony Lopes",33,"GK","Nantes",18,1563,0,0,0,2,69,1200000,FALSE
2025-06-02,"Anthony Briançon",29,"DF","Saint-Étienne",1,1,0,0,0,0,0,4e+05,FALSE
2025-06-02,"Angelo Fulgini",27,"MF","Lens",23,1045,2,0.53,28,16,0,5e+06,FALSE
2025-06-02,"Angel Gomes",23,"MF","Lille",14,736,2,0.47,14,10,0,2e+07,TRUE
2025-06-02,"Ange Martial Tia",17,"MF","Reims",6,171,0,0.7,2,6,0,3e+05,FALSE
2025-06-02,"Andy Diouf",21,"MF","Lens",34,2225,3,0.23,33,52,0,1.5e+07,FALSE
2025-09-09,"Andy Delort",32,"FW","Montpellier",9,607,0,0.38,7,4,0,0,FALSE
2025-06-02,"Andrey Santos",20,"MF","Strasbourg",32,2855,13,0.27,27,142,0,3.5e+07,TRUE
2025-06-02,"Andrew Omobamidele",22,"DF","Strasbourg",10,539,0,0,0,15,0,8e+06,TRUE
2025-06-22,"André Gomes",31,"MF","Lille",20,1276,0,0.09,10,33,0,2500000,TRUE
2025-06-02,"André Ayew",34,"FW","Le Havre",27,1453,5,0.28,8,21,0,6e+05,FALSE
2025-06-02,"Anass Zaroury",23,"FW","Lens",28,1405,4,0.29,35,29,0,8e+06,FALSE
2025-06-16,"Amine Salama",24,"FW","Reims",17,373,0,0.25,5,4,0,1500000,FALSE
2025-06-02,"Amine Harit",27,"MF","Marseille",13,519,6,0.56,19,11,0,8e+06,TRUE
2025-06-02,"Amine Gouiri",24,"FW","Marseille",14,1048,13,1.04,26,6,0,3e+07,TRUE
2025-06-02,"Amidou Doumbouya",16,"DF","Nice",2,46,0,0,0,2,0,2e+05,TRUE
2025-06-02,"Amar Dedić",21,"DF","Marseille",10,314,1,0.51,4,8,0,1.2e+07,TRUE
2025-06-02,"Amadou Koné",19,"MF","Reims",24,1293,0,0.06,8,68,0,4e+06,FALSE
2025-06-02,"Alidu Seidu",24,"DF","Rennes",11,803,0,0.05,5,36,0,9e+06,FALSE
2025-06-02,"Ali Abdi",30,"DF","Nice",25,1393,7,0.4,20,63,0,3e+06,TRUE
2025-06-02,"Alexandre Lacazette",33,"FW","Lyon",30,2051,17,0.86,26,21,0,6e+06,TRUE
2025-06-23,"Álex Domínguez",26,"GK","Toulouse",1,19,0,0,0,0,0,3e+05,FALSE
2025-06-02,"Aleksandr Golovin",28,"MF","Monaco",19,1153,3,0.37,24,50,0,2e+07,TRUE
2025-06-02,"Alban Lafont",25,"GK","Nantes",12,1080,0,0,2,1,67.3,3e+06,FALSE
2025-06-08,"Akor Adams",24,"FW","Montpellier",15,1075,4,0.44,12,5,0,5e+06,FALSE
2025-06-02,"Aïssa Mandi",32,"DF","Lille",24,1733,0,0.04,5,46,0,1200000,TRUE
2025-06-02,"Ainsley Maitland-Niles",26,"DF","Lyon",32,1985,5,0.29,27,96,0,1.2e+07,TRUE
2025-06-11,"Adryelson",26,"DF","Lyon",1,1,0,0,0,1,0,3500000,TRUE
2025-06-02,"Adrien Truffert",22,"DF","Rennes",33,2752,4,0.18,39,88,0,1.5e+07,FALSE
2025-06-02,"Adrien Thomasson",30,"MF","Lens",33,2615,10,0.41,56,109,0,5e+06,FALSE
2025-06-02,"Adrien Rabiot",29,"MF","Marseille",29,2485,13,0.4,28,70,0,2.5e+07,TRUE
2025-06-02,"Ado Onaiwu",28,"MF","Auxerre",31,957,5,0.47,10,14,0,1500000,FALSE
2025-06-02,"Achraf Hakimi",25,"DF","Paris S-G",25,2066,10,0.4,50,79,0,8e+07,TRUE
2025-06-05,"Abner",24,"DF","Lyon",19,1090,2,0.14,11,34,0,1e+06,TRUE
2025-05-29,"Abdukodir Khusanov",20,"DF","Lens",13,975,0,0.05,2,41,0,3.5e+07,FALSE
2025-06-02,"Abdoulaye Touré",30,"MF","Le Havre",28,2324,11,0.38,7,95,0,3e+06,FALSE
2025-06-02,"Abdoulaye Bamba",34,"DF","Angers",19,1510,0,0.02,6,41,0,3e+05,FALSE
2025-06-02,"Abdoul Koné",19,"DF","Reims",4,133,0,0,0,6,0,4e+05,FALSE
2025-06-02,"Abdallah Sima",23,"FW","Brest",27,1238,9,0.5,13,16,0,9e+06,FALSE
2025-06-02,"Abakar Sylla",21,"DF","Strasbourg",21,950,1,0.05,1,38,0,1e+07,TRUE
